USE DbProjectE
GO
INSERT INTO Customer VALUES 
	('CU001', 'Senayan Guy', 'Male','088111111111', '1999-12-01'),
	('CU002', 'Jaksel Boy', 'Female','088111111122', '1999-11-01' ),
	('CU003', 'Family Guy', 'Male','088111111122', '1999-10-04'),
	('CU004', 'Thailand Boy', 'Female','088111111333', '1999-02-17'),
	('CU005', 'Inayah Mamen', 'Male','088111111444', '1999-12-01'),
	('CU006', 'Kunto Nokia', 'Male','088111113212', '1999-11-01'),
	('CU007', 'Aradhana', 'Male','088111117777', '1997-07-17'),
	('CU008', 'Rumahan Boy', 'Female','088111110808', '1989-06-02'),
	('CU009', 'Kiamat Guy', 'Male','088111112012', '2012-12-12'),
	('CU010', 'Jaksel Boy', 'Male','088111111010', '2010-10-10');
GO

INSERT INTO Staff VALUES 
	('ST001', 'Abang Senayan', 'Female','088222221111', 2000),
	('ST002', 'Cici Jaksel', 'Male','088222221122', 2500),
	('ST003', 'Koko PIK', 'Male','088222221122', 3000),
	('ST004', 'Island Boy', 'Female','088222221333', 1500),
	('ST005', 'Grand Corona', 'Male','088222221444', 2000),
	('ST006', 'Adipati Ngondek', 'Female','088222223212', 2000),
	('ST007', 'Koko Bape', 'Female','088222227777', 2250),
	('ST008', 'Kak Kuya', 'Male','088222220808', 2000),
	('ST009', 'Alamat Guy', 'Female','088222222012', 1212),
	('ST010', 'Boy Kot', 'Male','088222221010', 4000);
GO

INSERT INTO ItemType VALUES
	('IP001', 'White Bread'),
	('IP002', 'Cheddar Cheese'),
	('IP003', 'Instant Coffee'),
	('IP004', 'Detergent'),
	('IP005', 'Softener'),
	('IP006', 'Dish Soap'),
	('IP007', 'Fruit'),
	('IP008', 'Liquid Soap'),
	('IP009', 'Solid Soap'),
	('IP010', 'Biscuit'),
	('IP011', 'Tea Bag'),
	('IP012', 'Rice'),
	('IP013', 'Ice Cream'),
	('IP014', 'Medicine'),
	('IP015', 'Drink'),
	('IP016', 'Candy'),
	('IP017', 'Snack'),
	('IP018', 'Instant Noodle'),
	('IP019', 'Food'),
	('IP020', 'Gadget'),
	('IP021', 'Electronic')
GO

INSERT INTO Item VALUES
	('IT001', 'IP013', 'Strawberry Chocolate Ice Cream', 13000, 102, 1),
	('IT002', 'IP011', 'Teh Kantong Bunda Sari Murni', 5000, 200, 1),
	('IT003', 'IP016', 'Mentos Mint', 500, 620 , 2),
	('IT004', 'IP012', 'Beras Putih 1kg', 25000, 100 , 1),
	('IT005', 'IP014', 'Tolak Angin Reguler', 2500, 105 , 1),
	('IT006', 'IP010', 'Roma Sari Kelapa', 8200, 500 ,1),
	('IT007', 'IP003', 'Luwak White Coffee', 15000, 405 ,1),
	('IT008', 'IP006', 'Sunlight Reguler', 10000, 340 , 1),
	('IT009', 'IP017', 'Qtela Balado', 5000, 320 ,1),
	('IT010', 'IP018', 'Indomie Goreng Reguler', 2500, 215 , 1),
	('IT011', 'IP015', 'Coca-Cola 1L', 20000, 545 ,1),
	('IT012', 'IP015', 'Sprite 1L', 20000, 1000 , 1),
	('IT013', 'IP001', 'Sari Roti 10 Slice', 14000, 952 , 1),
	('IT014', 'IP001', 'Sari Roti 20 Slice', 27000, 956 ,1),
	('IT015', 'IP014', 'Bodrex Sakit Kepala 8 Pill', 15000, 842 , 1),
	('IT016','IP017', 'Baygon Panggang Kelapa Serut',2000, 987 ,1),
	('IT017','IP008', 'Sabun Sabu Cair',15000, 256 ,1 ),
	('IT018','IP005', 'Shock Clean Banget',3000, 855 ,1),
	('IT019','IP002', 'Craft Keju Godzilla',24000, 456 ,1),
	('IT020','IP007', 'Naga Manis Asem',2200, 956 ,6),
	('IT021','IP011', 'Teh Alakadarnya',5000, 756 ,1),
	('IT022','IP010', 'Roma Kelapa Alakadarnya',10000, 556 ,1),
	('IT023','IP012', 'Beras Bulog',30000, 56 ,1),
	('IT024','IP016', 'Permen Kaki Hijau',22000, 560 ,1),
	('IT025','IP019', 'Spaghetti', 15000, 576 ,1),
	('IT026','IP019', 'Nasi Bakar', 17000, 756 ,1),
	('IT027','IP019', 'Pizza', 25000, 656 ,1),
	('IT028','IP019', 'Gudeg', 18000, 777 ,1),
	('IT029','IP019', 'Ayam Geprek', 15000, 6969 , 1),
	('IT030','IP019', 'Mie Ayam', 22000, 895 ,1),
	('IT031','IP020', 'IPOPhone', 3000000, 4560 ,1),
	('IT032','IP020', 'TheWatch', 150000, 574 ,1),
	('IT033','IP020', 'Kucing Bracelet', 11000, 256 ,1),
	('IT034','IP021', 'LMAO TV', 2000000, 10 ,1),
	('IT035','IP021', 'Kulkas Tiga Pintu', 1800000, 500 ,1),
	('IT036','IP021', 'Remote Serbaguna', 50000, 1000 ,1),
	('IT037','IP007', 'Naga', 5000, 2050 ,20),
	('IT038','IP007', 'Jaruk', 5000, 3020 ,1),
	('IT039','IP007', 'Kelengkeng', 50000, 1050 ,25)
GO

INSERT INTO Vendor VALUES 
	('VE001', 'Indofood', '0812458971254','Suka Raja Street','Indofood@gmail.com'),
	('VE002', 'ACD','0813658979254','Food Street', 'Acd@gmail.com'),
	('VE003', 'Alakadar','0854964258012','Diam Street', 'Alakadar@gmail.com'),
	('VE004', 'Roma','0819788745796','Food Street', 'Roma@Roma.com'),
	('VE005', 'Bulog', '0815478965412','Dermaga Street','Beras@bulog.com'),
	('VE006', 'Hot Hot','0815879647521','Food Street', 'Hot@hot.com'),
	('VE007', 'Rosebear','0814897596482','Sukamaju Street', 'Rose@gmail.com'),
	('VE008', 'Craft','0812010201122','Modus Street', 'Craft@product.com'),
	('VE009', 'Sidomuncil','0812002003202','Sukamundur Street', 'Sido@muncil.com'),
	('VE010', 'Sari', '081218062002','Suka Suka Street','Sari@roti.com');
GO
INSERT INTO SalesHeader VALUES
	('SA001', 'ST001', 'CU001','2021-10-20'),
	('SA002', 'ST002', 'CU002','2021-11-13'),
	('SA003', 'ST003', 'CU003','2021-12-14'),
	('SA004', 'ST004', 'CU004','2021-09-15'),
	('SA005', 'ST005', 'CU005','2021-08-25'),
	('SA006', 'ST006', 'CU006','2019-07-02'),
	('SA007', 'ST007', 'CU007','2019-06-04'),
	('SA008', 'ST008', 'CU008','2019-05-01'),
	('SA009', 'ST009', 'CU009','2018-04-10'),
	('SA010', 'ST010', 'CU010','2019-03-02'),
	('SA011', 'ST009', 'CU002','2021-05-24'),
	('SA012', 'ST008', 'CU001','2021-01-15'),
	('SA013', 'ST007', 'CU003','2021-04-23'),
	('SA014', 'ST006', 'CU005','2021-08-12'),
	('SA015', 'ST005', 'CU008','2021-02-17')
GO
INSERT INTO SalesDetail VALUES 
    ('SA001', 'IT001', 5),
    ('SA001', 'IT002', 15),
    ('SA001', 'IT004', 6),
    ('SA002', 'IT005', 4),
    ('SA002', 'IT004', 6),
    ('SA002', 'IT006', 10),
    ('SA003', 'IT004', 8),
    ('SA003', 'IT007', 7),
    ('SA004', 'IT002', 12),
    ('SA004', 'IT003', 4),
    ('SA004', 'IT004', 16),
    ('SA004', 'IT005', 24),
    ('SA005', 'IT001', 6),
    ('SA005', 'IT011', 12),
    ('SA005', 'IT018', 6),
    ('SA005', 'IT017', 12),
    ('SA006', 'IT001', 60),
    ('SA006', 'IT011', 20), 
    ('SA006', 'IT012', 40),
	('SA006', 'IT026', 15),
    ('SA006', 'IT008', 20), 
    ('SA007', 'IT001', 21),
    ('SA007', 'IT011', 22),
	('SA007', 'IT015', 30),
    ('SA008', 'IT001', 23),
	('SA008', 'IT025', 13),
    ('SA009', 'IT011', 24),
    ('SA010', 'IT024', 13),
    ('SA010', 'IT020', 21),
    ('SA011', 'IT010', 20),
    ('SA011', 'IT008', 14),
	('SA011', 'IT031', 1),
    ('SA012', 'IT007', 12),
    ('SA012', 'IT006', 21),
    ('SA013', 'IT005', 17),
    ('SA013', 'IT019', 11),
    ('SA014', 'IT012', 5),
    ('SA014', 'IT013', 30),
    ('SA015', 'IT015', 10),
    ('SA015', 'IT016', 25);
GO
INSERT INTO PurchaseHeader VALUES
	('PH001', 'ST002', 'VE001', '2019-08-12', '2019-09-12'),
	('PH002', 'ST002', 'VE002', '2019-06-11', '2019-07-11'),
	('PH003', 'ST002', 'VE003', '2019-08-12', '2019-09-12'),
	('PH004', 'ST001', 'VE004', '2019-11-11', '2019-12-11'),
	('PH005', 'ST001', 'VE005', '2019-03-01', '2019-04-01'),
	('PH006', 'ST008', 'VE006', '2019-06-27', '2019-06-30'),
	('PH007', 'ST002', 'VE007', '2019-08-04', '2019-10-01'),
	('PH008', 'ST003', 'VE008', '2020-01-11', '2020-01-30'),
	('PH009', 'ST002', 'VE009', '2020-01-14', '2020-02-15'),
	('PH010', 'ST001', 'VE010', '2020-05-17', '2020-08-19'),
	('PH011', 'ST005', 'VE001', '2020-07-22', '2020-07-25'),
	('PH012', 'ST005', 'VE002', '2020-12-11', NULL),
	('PH013', 'ST004', 'VE003', '2020-08-06', '2020-10-01'),
	('PH014', 'ST006', 'VE004', '2020-12-12', NULL),
	('PH015', 'ST007', 'VE005', '2021-01-13', '2021-02-01');
GO

INSERT INTO PurchaseDetail VALUES 
	('PH001', 'IT005', 15),
	('PH001', 'IT002', 30),
	('PH001', 'IT003', 50),
	('PH002', 'IT005', 40),
	('PH002', 'IT004', 150),
	('PH002', 'IT006', 200),
	('PH003', 'IT004', 300),
	('PH003', 'IT007', 450),
	('PH004', 'IT002', 350),
	('PH004', 'IT003', 466),
	('PH004', 'IT004', 69),
	('PH004', 'IT005', 565),
	('PH005', 'IT001', 542),
	('PH005', 'IT011', 577),
	('PH005', 'IT018', 175),
	('PH005', 'IT017', 541),
	('PH006', 'IT001', 258),
	('PH006', 'IT011', 255), 
	('PH006', 'IT012', 58),
	('PH006', 'IT008', 84), 
	('PH007', 'IT001', 58),
	('PH007', 'IT011', 89),
	('PH008', 'IT001', 98),
	('PH009', 'IT011', 88),
	('PH010', 'IT001', 512),
	('PH010', 'IT003', 100),
	('PH011', 'IT004', 231),
	('PH011', 'IT005', 10),
	('PH012', 'IT020', 113),
	('PH012', 'IT018', 125),
	('PH013', 'IT004', 512),
	('PH013', 'IT005', 100),
	('PH014', 'IT024', 122),
	('PH014', 'IT005', 50),
	('PH015', 'IT004', 88),
	('PH015', 'IT005', 24)
GO